classification,avg_alignment,avg_net_alignment,avg_daily_pnl,avg_sentiment_value
Extreme Greed,-0.810680775828278,-0.810680775828278,176965.491774,84.0
Fear,-3.0644688044997612,3.0644688044997612,6699925.190574,44.0
Greed,0.16540914087128752,0.16540914087128752,1063205.5117920002,67.33333333333333
Neutral,0.5303852644320461,0.5303852644320461,158742.378078,50.0
,,,71709.347634,
